{
	"pattrstorage" : 	{
		"name" : "Background Color Preference",
		"slots" : 		{
			"1" : 			{
				"id" : 1,
				"data" : 				{
					"hue" : [ 0.823076923076923 ],
					"sat" : [ 0.376923076923077 ],
					"lite" : [ 0.135732009925558 ],
					"trans" : [ 0.500248138957816 ]
				}

			}

		}

	}

}
