{
	"pattrstorage" : 	{
		"name" : "Background Color Preference",
		"slots" : 		{
			"1" : 			{
				"id" : 1,
				"data" : 				{
					"hue" : [ 0.822176684881603 ],
					"sat" : [ 0.38615664845173 ],
					"lite" : [ 0.141347905282332 ],
					"trans" : [ 0.532513661202186 ]
				}

			}

		}

	}

}
