{
	"pattrstorage" : 	{
		"name" : "sousaFX-rnbo",
		"slots" : 		{
			"1" : 			{
				"id" : 1,
				"data" : 				{
					"metro vol" : [ -11.622047244094473 ],
					"drum vol" : [ -10.110236220472451 ],
					"kick vol" : [ -10.0 ],
					"out vol" : [ 0.0 ],
					"gate thresh" : [ -32.244094488188978 ],
					"env sens" : [ 93.892092617732743 ],
					"alert vol" : [ -17.858267716535405 ]
				}

			}

		}

	}

}
