{
	"pattrstorage" : 	{
		"name" : "sousaFX-rnbo",
		"slots" : 		{
			"1" : 			{
				"id" : 1,
				"data" : 				{
					"metro vol" : [ -11.622047244094473 ],
					"drum vol" : [ -12.0 ],
					"kick vol" : [ -10.0 ],
					"out vol" : [ 0.0 ],
					"gate thresh" : [ -27.834645669291351 ],
					"env sens" : [ 90.402830949781048 ],
					"alert vol" : [ -17.858267716535405 ],
					"synth vol" : [ -14.0 ]
				}

			}

		}

	}

}
