{
	"pattrstorage" : 	{
		"name" : "sousaFX-rnbo",
		"slots" : 		{
			"1" : 			{
				"id" : 1,
				"data" : 				{
					"metro vol" : [ -11.622047244094473 ],
					"drum vol" : [ -12.0 ],
					"kick vol" : [ -10.0 ],
					"out vol" : [ 0.0 ],
					"gate thresh" : [ -33.346456692913407 ],
					"env sens" : [ 179.999999999999915 ],
					"alert vol" : [ -17.858267716535405 ],
					"synth vol" : [ -14.0 ],
					"tuba solo vol" : [ -16.0 ],
					"tuba_bass_boost" : [ 3.0 ]
				}

			}

		}

	}

}
